,vaga,empresa,localizacao,salario,dataPostagem,dataRaspagem,requisitos,job_url
0,Estagiário Precificação e Índices,Anbima,"São Paulo, SP",,Postedhá 4 dias,2022-05-01,"Noções de programação (VBA, Python, SQL, Matlab).Bolsa estágio compatível com o mercado.",https://www.br.indeed.com/rc/clk?jk=80659bdb440d754b&fccid=6163bbc655d3edf5&vjs=3
1,5915 - Cientista de Dados,GLOBAL HITSS,"São Paulo, SP",,Postedhá 2 dias,2022-05-01,"Somos uma empresa do grupo América Móvil, com mais de 30 anos de experiência no mercado de soluções digitais e serviços de TI na América Latina e Estados…",https://www.br.indeed.com/rc/clk?jk=fcd6a28daca320e8&fccid=c24117b06f969a80&vjs=3
2,Desenvolvedor Python Sênior,Innolevels,"São Paulo, SP",R$ 6.500 - R$ 10.000 por mês,Postedhá 2 dias,2022-05-01,Automação de rotinas a frameworks completos de desenvolvimento web.,https://www.br.indeed.com/company/Innolevels/jobs/Desenvolvedor-Python-S%C3%AAnior-df93c9a008b86590?fccid=b98f3184c24b89e7&vjs=3
3,Analista Desenvolvedor Python,Shopee,"São Paulo, SP",,Postedhá 12 dias,2022-05-01,VBA e JavaScript serão considerados diferenciais.Capacidade de trabalhar em um ambiente multifuncional e colaborativo.,https://www.br.indeed.com/rc/clk?jk=7ac5e47a52506d01&fccid=0b476c4a7add47fe&vjs=3
4,Desenvolvedor PYTHON,LLIEGE,"São Paulo, SP",R$ 6.000 por mês,EmployerAtiva 2 dias atrás,2022-05-01,"Atuar com programação Fullstack, Django, consumo de APIS REST, bancos de dados, JavaScript, jQuery, HTML e CSS.",https://www.br.indeed.com/company/LLIEGE/jobs/Desenvolvedor-Python-7923461b10f29b89?fccid=a6f0938b0c4f96c6&vjs=3
5,ANALISTA DE DADOS JUNIOR,A Gente Faz Terceirização,"São Paulo, SP",R$ 2.000 por mês,EmployerAtiva 2 dias atrás,2022-05-01,"REQUISITOS: HABILIDADE EM DASHBOARD TRATAMENTO DE INFORMAÇÕES CONHECIMENTO EM EXCEL, POWER BI E PYTHON PACOTE OFFICE Atividades desenvolvidas: *…",https://www.br.indeed.com/company/A-Gente-Faz-Terceiriza%C3%A7%C3%A3o/jobs/Analista-Dados-Junior-1b7507e1d5e8fb6c?fccid=4394b644dcb7d462&vjs=3
6,Estágio Full Stack,2RP Net,"Home office in São Paulo, SP",,Postedhá 30 dias,2022-05-01,"Alguma linguagem de programação (C, Java, C#, PHP, etc);Outras linguagens e tecnologias (PHP, C#, Java, Python, Node.js, Golang, etc);",https://www.br.indeed.com/rc/clk?jk=67ce8b72ac8ce7c7&fccid=7f1b33b834a2ecf0&vjs=3
7,Data Analyst,Capim,"Home office in São Paulo, SP",R$ 5.000 - R$ 10.000 por mês,EmployerAtiva 8 dias atrás,2022-05-01,Somos uma fintech que está transformando os serviços financeiros no setor de saúde no Brasil.Identificar desafios e oportunidades de negócio e usar ferramentas…,https://www.br.indeed.com/company/Capim/jobs/Data-Analyst-e9c181c88981a701?fccid=0a5d7b98d581e8cb&vjs=3
8,Desenvolvedor Python,Iterative,"São Paulo, SP",,Postedhá 30+ dias,2022-05-01,Conhecimento técnico avançado em desenvolvimento (Python);,https://www.br.indeed.com/rc/clk?jk=dd59434536480aa1&fccid=c795cb63f9115981&vjs=3
9,Cientista de Dados,Liv Up,"Home office in São Paulo, SP",,Postedhá 30+ dias,2022-05-01,"Utilizando nossa plataforma de dados, nosso time constrói produtos que utilizam algoritmos de Machine Learning e otimização de restrições para encantar nossos…",https://www.br.indeed.com/rc/clk?jk=2e70fddddf9a381a&fccid=c529404c44cdcef1&vjs=3
10,Analista de Dados Pleno - Home Office,RUFINO HR CONSULTING,"Home office in São Paulo, SP",R$ 3.500 por mês,Postedhá 3 dias,2022-05-01,"Pacote office avançado, BI intermediário, SAS básico, Python intermediário e banco de dados intermediário.Local: * Home Office, com disponibilidade de ir até a…",https://www.br.indeed.com/company/RUFINO-HR-CONSULTING/jobs/Analista-Dados-Pleno-da11ed17cdd66f6d?fccid=f1f1265387da1923&vjs=3
11,Desenvolvedor Web,Evoi Publicidade,"São Paulo, SP",R$ 2.100 por mês,EmployerAtiva 1 dia atrás,2022-05-01,Colaborar com automação de processos em plataformas de marketing.,https://www.br.indeed.com/company/Evoi-Publicidade/jobs/Desenvolvedor-Web-63684da59c48070e?fccid=37fc7b0ef9000391&vjs=3
12,Desenvolvedor Python,BCF SOLUTIONS,"São Paulo, SP",,EmployerAtiva 12 dias atrás,2022-05-01,"Experiência com Python, Flask, Django, Docker e SQL.Compreensão da arquitetura e dos princípios de IoT.Python por 3 anos (Preferencial).",https://www.br.indeed.com/company/BCF-SOLUTIONS/jobs/Desenvolvedor-Python-597dd986bb3d9270?fccid=81f31aca5d0b9ef9&vjs=3
13,[Python] - Software Engineer,Revelo Network,"Home office in São Paulo, SP",,EmployerAtiva 3 dias atrás,2022-05-01,"Estamos em busca de um profissional de Software de Engineer Requisitos Técnicos Python, Aws, Postgresql Requisitos técnicos obrigatórios: Inglês Fluente +4…",https://www.br.indeed.com/company/Revelo-Network/jobs/-378e98e9fe4d8c3f?fccid=17066a83db00e0c9&vjs=3
14,"Intern, Forensic Investigations and Intelligence",Kroll,"São Paulo, SP",,Postedhá 16 dias,2022-05-01,"Tecnologia da Informação, Análise de Sistemas, Banco de Dados Data Science, Big Data & BI, Tecnologia em Banco de Dados, ou áreas correlatas.",https://www.br.indeed.com/rc/clk?jk=b0bfbd14aa7e22be&fccid=2991547aff717aed&vjs=3
15,Remessa Online,Remessa Online,"Home office in São Paulo, SP",,Postedhá 12 dias,2022-05-01,"Como será o dia a dia.Desenvolver decisores no produto, compliance, e CRM por meio de modelagem estatística aplicada (Sistemas de detecção de fraude, Score de…",
16,IBM,IBM,"São Paulo, SP",,Postedhá 30+ dias,2022-05-01,"Software Developers at IBM are the backbone of our strategic initiatives to design, code, test, and provide industry-leading solutions that make the world run…",
17,Vagas de emprego: Orangefox,Orangefox,"Home office in São Paulo, SP",,Postedhá 5 dias,2022-05-01,"Experiência comprovada com o mínimo de 2 (dois) anos atuando em projetos;Sólidos conhecimentos em Python, SQL, Github e Excel;",
18,Gympass,Gympass,"São Paulo, SP",,Postedhá 16 dias,2022-05-01,"Execution of daily work, involving the execution of Python scripts, creation, and maintenance of SQL queries, editing Partners profiles on the CRM/Salesforce.",
19,Vagas de emprego: 2RP Net,2RP Net,"Home office in São Paulo, SP",,Postedhá 30 dias,2022-05-01,Desenvolver processos de ML Engineering;Aprender a monitor a qualidade de modelos de ML usando técnicas estatísticas avançadas;,
20,Vagas de emprego: Enext,Enext,"Home office in São Paulo, SP",,Postedhá 2 dias,2022-05-01,"Configurar serviços (VM, banco de dados, lambda) simples em diferentes clouds como AWS, Azure e Google Cloud Platform;",
21,Luizalabs,Luizalabs,"São Paulo, SP",,Postedhá 2 dias,2022-05-01,Aplicar e difundir as boas práticas de segurança no projeto;Conhecimento nas linguagens Java e/ou Python e/ou NodeJS;Versionamento de projetos com GIT;,
22,CCEE,CCEE,"Home office in São Paulo, SP",,Postedhá 16 dias,2022-05-01,Pessoas com deficiência são bem-vindas em nosso time.Será responsável por atender os chamados internos e externos de 1º nível e 2º(presencial ou remoto) de…,
23,Buonny,Buonny,"São Paulo, SP",,Postedhá 11 dias,2022-05-01,"Estruturação de base de dados para análise comerciais;Conhecimento de Big Data (Spark, Cloudera, Hadoop) e Python;Modelagem de dados SQL/Teradata, Big Data;",
24,Vagas de emprego: BANCO BBC Digital,BANCO BBC Digital,"São Paulo, SP",,Postedhá 1 dia,2022-05-01,Desejável experiência em construção de Dashboards em PowerBI.,
25,Vagas de emprego: Safira Energia,Safira Energia,"Home office in Barueri, SP",,Postedhá 17 dias,2022-05-01,"Aqui contamos com uma galera visionária e destemida, que vive num movimento constante para sempre fazer mais e melhor, trazendo soluções inteligentes para o…",
26,MetLife,MetLife,"São Paulo, SP",,Postedhá 18 dias,2022-05-01,"Elaboração dos indicadores da área;Principais responsabilidades ou desafios: (Escreva no mínimo 5).Acompanhamento de sinistros da carteira de Vida, AP e…",
27,Vagas de emprego: R&SSOUZA,R&SSOUZA,"Home office in São Paulo, SP",R$ 7.000 - R$ 10.000 por mês,EmployerAtiva 3 dias atrás,2022-05-01,"Experiência de 05 anos na ou mais.Experiências em Python e seus frameworks como Django, Flask, FastAPI e afins / Bancos de dados relacionais como Postgres,…",
28,Vagas de emprego: Clearsale,Clearsale,"Home office in São Paulo, SP",,Postedhá 26 dias,2022-05-01,Tem segurança na tomada de decisões que podem gerar grandes impactos;Sabe trabalhar em equipe (acreditamos muito “nós” ao invés de “eu”);,
29,Abril Comunicações,Abril Comunicações,"Home office in São Paulo, SP",R$ 5.000 - R$ 5.500 por mês,EmployerAtiva 2 dias atrás,2022-05-01,"Montagem de um data lake da empresa, incialmente voltado para área de assinaturas, e envolvendo a parte de audiência de sites, dados de assinaturas, assinantes…",
30,Vagas de emprego: Flix,Flix,"São Paulo, SP",,Postedhá 16 dias,2022-05-01,"Conhecimento em linguagens de programação de análise de dados (R, Python, Hadoop e SQL);Visualização de Dados; Data Mining, Machine Learning;",
31,Vagas de emprego: Shopee,Shopee,"São Paulo, SP",,Postedhá 25 dias,2022-05-01,Garantir que as métricas dos produtos andem alinhadas com os objetivos da empresa.,
32,Wipro Limited,Wipro Limited,"São Paulo, SP",,Postedhá 24 dias,2022-05-01,Experience in testing distributed Cloud based applications.Understand existing test cases and develop new ones.Good understanding of CI/CD pipeline.,
33,WMS,WMS,"Home office in São Paulo, SP",R$ 1.403 por mês,Postedhá 23 dias,2022-05-01,"Devido à evolução tecnológica do marketing, o mercado de publicidade gera cada vez mais dados, o que torna a área responsável pela extração, tratamento e…",
34,vagas de emprego: Barueri,,"Barueri, SP",R$ 3.500 por mês,Postedhá 11 dias,2022-05-01,"Estamos na vanguarda das tecnologias de engenharia do futuro, com soluções que garantem o sucesso de nossos clientes em setores-chave que estão moldando o…",
35,PayGo Pagamentos,PayGo Pagamentos,"Home office in São Paulo, SP",,Postedhá 11 dias,2022-05-01,Garantir a comunicação dos ambientes (On-Premises e Clouds) de forma segura e automatizada com transparência e baixa latência;,
36,Clearsale,Clearsale,"Home office in São Paulo, SP",,Postedhá 16 dias,2022-05-01,"Gerir, criar e dar manutenção aos indicadores contratuais que temos com nossos clientes;Trabalho com grandes volumes de dados com extração e manipulação de…",
37,Experian,Experian,"São Paulo, SP",,Postedhá 5 dias,2022-05-01,"Portanto, acreditamos que trabalhar conectados como um time único e em um ambiente dinâmico e desafiador é extremamente importante para o crescimento pessoal e…",
38,CAPCO,CAPCO,"São Paulo, SP",,Postedhá 3 dias,2022-05-01,"Expertise técnica em modelos de dados, desenvolvimento de design de banco de dados, mineração de dados e técnicas de segmentação;",
39,Vagas de emprego: Cescon Barrieu,Cescon Barrieu,"São Paulo, SP",,Postedhá 30+ dias,2022-05-01,Aqui você encontra um ambiente amigável e muitas oportunidades para trabalhar em operações e nos casos mais interessantes e relevantes do Brasil.,
40,Vagas de emprego: Luby Software,Luby Software,"São Paulo, SP",,Postedhá 10 dias,2022-05-01,"4+ anos em desenvolvimento de softwares ou experiência comprovada em grandes projetos.Conhecimentos em ferramentas da suíte Apache (Airflow, Solr, FluentD).",
41,Vagas de emprego: SpeedJob,SpeedJob,"São Paulo, SP",R$ 1.950 por mês,Postedhá 2 dias,2022-05-01,. Irá dar suporte aos clientes internacionais;. Possuir conhecimento mínimo sobre mercado financeiro.,
42,Vagas de emprego: Joyjet Digital,Joyjet Digital,"Home office in São Paulo, SP",R$ 6.000 - R$ 10.000 por mês,EmployerAtiva 7 dias atrás,2022-05-01,"Apoia no desenho de Soluções e Projetos de Cloud Transformation.Mínimo três (03) anos de experiência.Experiência em Amazon Web Services (API Gateway, Lambda,…",
43,Gympass,Gympass,"São Paulo, SP",,Postedhá 23 dias,2022-05-01,Definition and execution of a continuous improvement process for the project.Monitor metrics and expose insights into how the project is doing over the weeks…,
44,Vagas de emprego: IFT-UNESP,IFT-UNESP,"São Paulo, SP",R$ 8.468 por mês,EmployerAtiva 3 dias atrás,2022-05-01,"A implantação será feita em colaboração com o instituto ICTP em Trieste, Itália (www.ictp.it).",
